--Regiões--


INSERT INTO regiao(num_regiao, nome_regiao, num_habitantes) VALUES(0, 'Norte', 10000000);
INSERT INTO regiao(num_regiao, nome_regiao, num_habitantes) VALUES(1, 'Centro', 10000000);
INSERT INTO regiao(num_regiao, nome_regiao, num_habitantes) VALUES(2, 'Lisboa', 10000000);
INSERT INTO regiao(num_regiao, nome_regiao, num_habitantes) VALUES(3, 'Alentejo', 10000000);
INSERT INTO regiao(num_regiao, nome_regiao, num_habitantes) VALUES(4, 'Algarve', 10000000);


--Concelhos--


INSERT INTO concelho(num_concelho, num_regiao, nome_concelho, num_habitantes_concelho) VALUES(0, 0, 'Arcos de Valdevez', 1000);
INSERT INTO concelho(num_concelho, num_regiao, nome_concelho, num_habitantes_concelho) VALUES(1, 0, 'Caminha', 1000);
INSERT INTO concelho(num_concelho, num_regiao, nome_concelho, num_habitantes_concelho) VALUES(2, 0, 'Melgaco', 1000);
INSERT INTO concelho(num_concelho, num_regiao, nome_concelho, num_habitantes_concelho) VALUES(3, 0, 'Moncao', 1000);
INSERT INTO concelho(num_concelho, num_regiao, nome_concelho, num_habitantes_concelho) VALUES(4, 0, 'Paredes de Coura', 1000);
INSERT INTO concelho(num_concelho, num_regiao, nome_concelho, num_habitantes_concelho) VALUES(5, 0, 'Ponte da Barca', 1000);
INSERT INTO concelho(num_concelho, num_regiao, nome_concelho, num_habitantes_concelho) VALUES(6, 0, 'Ponte de Lima', 1000);
INSERT INTO concelho(num_concelho, num_regiao, nome_concelho, num_habitantes_concelho) VALUES(7, 0, 'Valenca', 1000);
INSERT INTO concelho(num_concelho, num_regiao, nome_concelho, num_habitantes_concelho) VALUES(8, 0, 'Viana do Castelo', 1000);
INSERT INTO concelho(num_concelho, num_regiao, nome_concelho, num_habitantes_concelho) VALUES(9, 0, 'Vila Nova de Cerveira', 1000);
INSERT INTO concelho(num_concelho, num_regiao, nome_concelho, num_habitantes_concelho) VALUES(10, 0, 'Amares', 1000);
INSERT INTO concelho(num_concelho, num_regiao, nome_concelho, num_habitantes_concelho) VALUES(11, 0, 'Barcelos', 1000);
INSERT INTO concelho(num_concelho, num_regiao, nome_concelho, num_habitantes_concelho) VALUES(12, 0, 'Braga', 1000);
INSERT INTO concelho(num_concelho, num_regiao, nome_concelho, num_habitantes_concelho) VALUES(13, 0, 'Esposende', 1000);
INSERT INTO concelho(num_concelho, num_regiao, nome_concelho, num_habitantes_concelho) VALUES(14, 0, 'Terras de Bouro', 1000);
INSERT INTO concelho(num_concelho, num_regiao, nome_concelho, num_habitantes_concelho) VALUES(15, 0, 'Vila Verde', 1000);
INSERT INTO concelho(num_concelho, num_regiao, nome_concelho, num_habitantes_concelho) VALUES(16, 0, 'Cabeceiras de Basto', 1000);
INSERT INTO concelho(num_concelho, num_regiao, nome_concelho, num_habitantes_concelho) VALUES(17, 0, 'Fafe', 1000);
INSERT INTO concelho(num_concelho, num_regiao, nome_concelho, num_habitantes_concelho) VALUES(18, 0, 'Guimaraes', 1000);
INSERT INTO concelho(num_concelho, num_regiao, nome_concelho, num_habitantes_concelho) VALUES(19, 0, 'Mondim de Basto', 1000);
INSERT INTO concelho(num_concelho, num_regiao, nome_concelho, num_habitantes_concelho) VALUES(20, 0, 'Povoa de Lanhoso', 1000);
INSERT INTO concelho(num_concelho, num_regiao, nome_concelho, num_habitantes_concelho) VALUES(21, 0, 'Vieira do Minho', 1000);
INSERT INTO concelho(num_concelho, num_regiao, nome_concelho, num_habitantes_concelho) VALUES(22, 0, 'Vila Nova de Famalicao', 1000);
INSERT INTO concelho(num_concelho, num_regiao, nome_concelho, num_habitantes_concelho) VALUES(23, 0, 'Vizela', 1000);
INSERT INTO concelho(num_concelho, num_regiao, nome_concelho, num_habitantes_concelho) VALUES(24, 0, 'Arouca', 1000);
INSERT INTO concelho(num_concelho, num_regiao, nome_concelho, num_habitantes_concelho) VALUES(25, 0, 'Espinho', 1000);
INSERT INTO concelho(num_concelho, num_regiao, nome_concelho, num_habitantes_concelho) VALUES(26, 0, 'Gondomar', 1000);
INSERT INTO concelho(num_concelho, num_regiao, nome_concelho, num_habitantes_concelho) VALUES(27, 0, 'Maia', 1000);
INSERT INTO concelho(num_concelho, num_regiao, nome_concelho, num_habitantes_concelho) VALUES(28, 0, 'Matosinhos', 1000);
INSERT INTO concelho(num_concelho, num_regiao, nome_concelho, num_habitantes_concelho) VALUES(29, 0, 'Oliveira de Azemeis', 1000);
INSERT INTO concelho(num_concelho, num_regiao, nome_concelho, num_habitantes_concelho) VALUES(30, 0, 'Paredes', 1000);
INSERT INTO concelho(num_concelho, num_regiao, nome_concelho, num_habitantes_concelho) VALUES(31, 0, 'Porto', 1000);
INSERT INTO concelho(num_concelho, num_regiao, nome_concelho, num_habitantes_concelho) VALUES(32, 0, 'Povoa de Varzim', 1000);
INSERT INTO concelho(num_concelho, num_regiao, nome_concelho, num_habitantes_concelho) VALUES(33, 0, 'Santa Maria da Feira', 1000);
INSERT INTO concelho(num_concelho, num_regiao, nome_concelho, num_habitantes_concelho) VALUES(34, 0, 'Santo Tirso', 1000);
INSERT INTO concelho(num_concelho, num_regiao, nome_concelho, num_habitantes_concelho) VALUES(35, 0, 'Sao Joao da Madeira', 1000);
INSERT INTO concelho(num_concelho, num_regiao, nome_concelho, num_habitantes_concelho) VALUES(36, 0, 'Trofa', 1000);
INSERT INTO concelho(num_concelho, num_regiao, nome_concelho, num_habitantes_concelho) VALUES(37, 0, 'Vale de Cambra', 1000);
INSERT INTO concelho(num_concelho, num_regiao, nome_concelho, num_habitantes_concelho) VALUES(38, 0, 'Valongo', 1000);
INSERT INTO concelho(num_concelho, num_regiao, nome_concelho, num_habitantes_concelho) VALUES(39, 0, 'Vila do Conde', 1000);
INSERT INTO concelho(num_concelho, num_regiao, nome_concelho, num_habitantes_concelho) VALUES(40, 0, 'Vila Nova de Gaia', 1000);
INSERT INTO concelho(num_concelho, num_regiao, nome_concelho, num_habitantes_concelho) VALUES(41, 0, 'Amarante', 1000);
INSERT INTO concelho(num_concelho, num_regiao, nome_concelho, num_habitantes_concelho) VALUES(42, 0, 'Baiao', 1000);
INSERT INTO concelho(num_concelho, num_regiao, nome_concelho, num_habitantes_concelho) VALUES(43, 0, 'Castelo de Paiva', 1000);
INSERT INTO concelho(num_concelho, num_regiao, nome_concelho, num_habitantes_concelho) VALUES(44, 0, 'Celorico de Basto', 1000);
INSERT INTO concelho(num_concelho, num_regiao, nome_concelho, num_habitantes_concelho) VALUES(45, 0, 'Cinfaes', 1000);
INSERT INTO concelho(num_concelho, num_regiao, nome_concelho, num_habitantes_concelho) VALUES(46, 0, 'Felgueiras', 1000);
INSERT INTO concelho(num_concelho, num_regiao, nome_concelho, num_habitantes_concelho) VALUES(47, 0, 'Lousada', 1000);
INSERT INTO concelho(num_concelho, num_regiao, nome_concelho, num_habitantes_concelho) VALUES(48, 0, 'Marco de Canaveses', 1000);
INSERT INTO concelho(num_concelho, num_regiao, nome_concelho, num_habitantes_concelho) VALUES(49, 0, 'Pacos de Ferreira', 1000);
INSERT INTO concelho(num_concelho, num_regiao, nome_concelho, num_habitantes_concelho) VALUES(50, 0, 'Penafiel', 1000);
INSERT INTO concelho(num_concelho, num_regiao, nome_concelho, num_habitantes_concelho) VALUES(51, 0, 'Resende', 1000);
INSERT INTO concelho(num_concelho, num_regiao, nome_concelho, num_habitantes_concelho) VALUES(52, 0, 'Boticas', 1000);
INSERT INTO concelho(num_concelho, num_regiao, nome_concelho, num_habitantes_concelho) VALUES(53, 0, 'Chaves', 1000);
INSERT INTO concelho(num_concelho, num_regiao, nome_concelho, num_habitantes_concelho) VALUES(54, 0, 'Montalegre', 1000);
INSERT INTO concelho(num_concelho, num_regiao, nome_concelho, num_habitantes_concelho) VALUES(55, 0, 'Ribeira de Pena', 1000);
INSERT INTO concelho(num_concelho, num_regiao, nome_concelho, num_habitantes_concelho) VALUES(56, 0, 'Valpacos', 1000);
INSERT INTO concelho(num_concelho, num_regiao, nome_concelho, num_habitantes_concelho) VALUES(57, 0, 'Vila Pouca de Aguiar', 1000);
INSERT INTO concelho(num_concelho, num_regiao, nome_concelho, num_habitantes_concelho) VALUES(58, 0, 'Alijo', 1000);
INSERT INTO concelho(num_concelho, num_regiao, nome_concelho, num_habitantes_concelho) VALUES(59, 0, 'Armamar', 1000);
INSERT INTO concelho(num_concelho, num_regiao, nome_concelho, num_habitantes_concelho) VALUES(60, 0, 'Carrazeda de Ansiaes', 1000);
INSERT INTO concelho(num_concelho, num_regiao, nome_concelho, num_habitantes_concelho) VALUES(61, 0, 'Freixo de Espada a Cinta', 1000);
INSERT INTO concelho(num_concelho, num_regiao, nome_concelho, num_habitantes_concelho) VALUES(62, 0, 'Lamego', 1000);
INSERT INTO concelho(num_concelho, num_regiao, nome_concelho, num_habitantes_concelho) VALUES(63, 0, 'Mesao Frio', 1000);
INSERT INTO concelho(num_concelho, num_regiao, nome_concelho, num_habitantes_concelho) VALUES(64, 0, 'Moimenta da Beira', 1000);
INSERT INTO concelho(num_concelho, num_regiao, nome_concelho, num_habitantes_concelho) VALUES(65, 0, 'Murca', 1000);
INSERT INTO concelho(num_concelho, num_regiao, nome_concelho, num_habitantes_concelho) VALUES(66, 0, 'Penedono', 1000);
INSERT INTO concelho(num_concelho, num_regiao, nome_concelho, num_habitantes_concelho) VALUES(67, 0, 'Peso da Regua', 1000);
INSERT INTO concelho(num_concelho, num_regiao, nome_concelho, num_habitantes_concelho) VALUES(68, 0, 'Sabrosa', 1000);
INSERT INTO concelho(num_concelho, num_regiao, nome_concelho, num_habitantes_concelho) VALUES(69, 0, 'Santa Marta de Penaguiao', 1000);
INSERT INTO concelho(num_concelho, num_regiao, nome_concelho, num_habitantes_concelho) VALUES(70, 0, 'Sao Joao da Pesqueira', 1000);
INSERT INTO concelho(num_concelho, num_regiao, nome_concelho, num_habitantes_concelho) VALUES(71, 0, 'Sernancelhe', 1000);
INSERT INTO concelho(num_concelho, num_regiao, nome_concelho, num_habitantes_concelho) VALUES(72, 0, 'Tabuaco', 1000);
INSERT INTO concelho(num_concelho, num_regiao, nome_concelho, num_habitantes_concelho) VALUES(73, 0, 'Tarouca', 1000);
INSERT INTO concelho(num_concelho, num_regiao, nome_concelho, num_habitantes_concelho) VALUES(74, 0, 'Torre de Moncorvo', 1000);
INSERT INTO concelho(num_concelho, num_regiao, nome_concelho, num_habitantes_concelho) VALUES(75, 0, 'Vila Nova de Foz Côa', 1000);
INSERT INTO concelho(num_concelho, num_regiao, nome_concelho, num_habitantes_concelho) VALUES(76, 0, 'Vila Real', 1000);
INSERT INTO concelho(num_concelho, num_regiao, nome_concelho, num_habitantes_concelho) VALUES(77, 0, 'Alfandega da Fe', 1000);
INSERT INTO concelho(num_concelho, num_regiao, nome_concelho, num_habitantes_concelho) VALUES(78, 0, 'Braganca', 1000);
INSERT INTO concelho(num_concelho, num_regiao, nome_concelho, num_habitantes_concelho) VALUES(79, 0, 'Macedo de Cavaleiros', 1000);
INSERT INTO concelho(num_concelho, num_regiao, nome_concelho, num_habitantes_concelho) VALUES(80, 0, 'Miranda do Douro', 1000);
INSERT INTO concelho(num_concelho, num_regiao, nome_concelho, num_habitantes_concelho) VALUES(81, 0, 'Mirandela', 1000);
INSERT INTO concelho(num_concelho, num_regiao, nome_concelho, num_habitantes_concelho) VALUES(82, 0, 'Mogadouro', 1000);
INSERT INTO concelho(num_concelho, num_regiao, nome_concelho, num_habitantes_concelho) VALUES(83, 0, 'Vila Flor', 1000);
INSERT INTO concelho(num_concelho, num_regiao, nome_concelho, num_habitantes_concelho) VALUES(84, 0, 'Vimioso', 1000);
INSERT INTO concelho(num_concelho, num_regiao, nome_concelho, num_habitantes_concelho) VALUES(85, 0, 'Vinhais', 1000);
INSERT INTO concelho(num_concelho, num_regiao, nome_concelho, num_habitantes_concelho) VALUES(0, 3, 'Almeirim', 1000);
INSERT INTO concelho(num_concelho, num_regiao, nome_concelho, num_habitantes_concelho) VALUES(1, 3, 'Alpiarca', 1000);
INSERT INTO concelho(num_concelho, num_regiao, nome_concelho, num_habitantes_concelho) VALUES(2, 3, 'Azambuja', 1000);
INSERT INTO concelho(num_concelho, num_regiao, nome_concelho, num_habitantes_concelho) VALUES(3, 3, 'Benavente', 1000);
INSERT INTO concelho(num_concelho, num_regiao, nome_concelho, num_habitantes_concelho) VALUES(4, 3, 'Cartaxo', 1000);
INSERT INTO concelho(num_concelho, num_regiao, nome_concelho, num_habitantes_concelho) VALUES(5, 3, 'Chamusca', 1000);
INSERT INTO concelho(num_concelho, num_regiao, nome_concelho, num_habitantes_concelho) VALUES(6, 3, 'Coruche', 1000);
INSERT INTO concelho(num_concelho, num_regiao, nome_concelho, num_habitantes_concelho) VALUES(7, 3, 'Golega', 1000);
INSERT INTO concelho(num_concelho, num_regiao, nome_concelho, num_habitantes_concelho) VALUES(8, 3, 'Rio Maior', 1000);
INSERT INTO concelho(num_concelho, num_regiao, nome_concelho, num_habitantes_concelho) VALUES(9, 3, 'Salvaterra de Magos', 1000);
INSERT INTO concelho(num_concelho, num_regiao, nome_concelho, num_habitantes_concelho) VALUES(10, 3, 'Santarem', 1000);
INSERT INTO concelho(num_concelho, num_regiao, nome_concelho, num_habitantes_concelho) VALUES(11, 3, 'Alcacer do Sal', 1000);
INSERT INTO concelho(num_concelho, num_regiao, nome_concelho, num_habitantes_concelho) VALUES(12, 3, 'Grandola', 1000);
INSERT INTO concelho(num_concelho, num_regiao, nome_concelho, num_habitantes_concelho) VALUES(13, 3, 'Odemira', 1000);
INSERT INTO concelho(num_concelho, num_regiao, nome_concelho, num_habitantes_concelho) VALUES(14, 3, 'Santiago do Cacem', 1000);
INSERT INTO concelho(num_concelho, num_regiao, nome_concelho, num_habitantes_concelho) VALUES(15, 3, 'Sines', 1000);
INSERT INTO concelho(num_concelho, num_regiao, nome_concelho, num_habitantes_concelho) VALUES(16, 3, 'Alter do Chao', 1000);
INSERT INTO concelho(num_concelho, num_regiao, nome_concelho, num_habitantes_concelho) VALUES(17, 3, 'Arronches', 1000);
INSERT INTO concelho(num_concelho, num_regiao, nome_concelho, num_habitantes_concelho) VALUES(18, 3, 'Avis', 1000);
INSERT INTO concelho(num_concelho, num_regiao, nome_concelho, num_habitantes_concelho) VALUES(19, 3, 'Campo Maior', 1000);
INSERT INTO concelho(num_concelho, num_regiao, nome_concelho, num_habitantes_concelho) VALUES(20, 3, 'Castelo de Vide', 1000);
INSERT INTO concelho(num_concelho, num_regiao, nome_concelho, num_habitantes_concelho) VALUES(21, 3, 'Crato', 1000);
INSERT INTO concelho(num_concelho, num_regiao, nome_concelho, num_habitantes_concelho) VALUES(22, 3, 'Elvas', 1000);
INSERT INTO concelho(num_concelho, num_regiao, nome_concelho, num_habitantes_concelho) VALUES(23, 3, 'Fronteira', 1000);
INSERT INTO concelho(num_concelho, num_regiao, nome_concelho, num_habitantes_concelho) VALUES(24, 3, 'Gaviao', 1000);
INSERT INTO concelho(num_concelho, num_regiao, nome_concelho, num_habitantes_concelho) VALUES(25, 3, 'Marvao', 1000);
INSERT INTO concelho(num_concelho, num_regiao, nome_concelho, num_habitantes_concelho) VALUES(26, 3, 'Monforte', 1000);
INSERT INTO concelho(num_concelho, num_regiao, nome_concelho, num_habitantes_concelho) VALUES(27, 3, 'Nisa', 1000);
INSERT INTO concelho(num_concelho, num_regiao, nome_concelho, num_habitantes_concelho) VALUES(28, 3, 'Ponte de Sor', 1000);
INSERT INTO concelho(num_concelho, num_regiao, nome_concelho, num_habitantes_concelho) VALUES(29, 3, 'Portalegre', 1000);
INSERT INTO concelho(num_concelho, num_regiao, nome_concelho, num_habitantes_concelho) VALUES(30, 3, 'Sousel', 1000);
INSERT INTO concelho(num_concelho, num_regiao, nome_concelho, num_habitantes_concelho) VALUES(31, 3, 'Alandroal', 1000);
INSERT INTO concelho(num_concelho, num_regiao, nome_concelho, num_habitantes_concelho) VALUES(32, 3, 'Arraiolos', 1000);
INSERT INTO concelho(num_concelho, num_regiao, nome_concelho, num_habitantes_concelho) VALUES(33, 3, 'Borba', 1000);
INSERT INTO concelho(num_concelho, num_regiao, nome_concelho, num_habitantes_concelho) VALUES(34, 3, 'Estremoz', 1000);
INSERT INTO concelho(num_concelho, num_regiao, nome_concelho, num_habitantes_concelho) VALUES(35, 3, 'Evora', 1000);
INSERT INTO concelho(num_concelho, num_regiao, nome_concelho, num_habitantes_concelho) VALUES(36, 3, 'Montemor-o-Novo', 1000);
INSERT INTO concelho(num_concelho, num_regiao, nome_concelho, num_habitantes_concelho) VALUES(37, 3, 'Mora', 1000);
INSERT INTO concelho(num_concelho, num_regiao, nome_concelho, num_habitantes_concelho) VALUES(38, 3, 'Mourao', 1000);
INSERT INTO concelho(num_concelho, num_regiao, nome_concelho, num_habitantes_concelho) VALUES(39, 3, 'Portel', 1000);
INSERT INTO concelho(num_concelho, num_regiao, nome_concelho, num_habitantes_concelho) VALUES(40, 3, 'Redondo', 1000);
INSERT INTO concelho(num_concelho, num_regiao, nome_concelho, num_habitantes_concelho) VALUES(41, 3, 'Reguengos de Monsaraz', 1000);
INSERT INTO concelho(num_concelho, num_regiao, nome_concelho, num_habitantes_concelho) VALUES(42, 3, 'Vendas Novas', 1000);
INSERT INTO concelho(num_concelho, num_regiao, nome_concelho, num_habitantes_concelho) VALUES(43, 3, 'Viana do Alentejo', 1000);
INSERT INTO concelho(num_concelho, num_regiao, nome_concelho, num_habitantes_concelho) VALUES(44, 3, 'Vila Vicosa', 1000);
INSERT INTO concelho(num_concelho, num_regiao, nome_concelho, num_habitantes_concelho) VALUES(45, 3, 'Aljustrel', 1000);
INSERT INTO concelho(num_concelho, num_regiao, nome_concelho, num_habitantes_concelho) VALUES(46, 3, 'Almodovar', 1000);
INSERT INTO concelho(num_concelho, num_regiao, nome_concelho, num_habitantes_concelho) VALUES(47, 3, 'Alvito', 1000);
INSERT INTO concelho(num_concelho, num_regiao, nome_concelho, num_habitantes_concelho) VALUES(48, 3, 'Barrancos', 1000);
INSERT INTO concelho(num_concelho, num_regiao, nome_concelho, num_habitantes_concelho) VALUES(49, 3, 'Beja', 1000);
INSERT INTO concelho(num_concelho, num_regiao, nome_concelho, num_habitantes_concelho) VALUES(50, 3, 'Castro Verde', 1000);
INSERT INTO concelho(num_concelho, num_regiao, nome_concelho, num_habitantes_concelho) VALUES(51, 3, 'Cuba', 1000);
INSERT INTO concelho(num_concelho, num_regiao, nome_concelho, num_habitantes_concelho) VALUES(52, 3, 'Ferreira do Alentejo', 1000);
INSERT INTO concelho(num_concelho, num_regiao, nome_concelho, num_habitantes_concelho) VALUES(53, 3, 'Mertola', 1000);
INSERT INTO concelho(num_concelho, num_regiao, nome_concelho, num_habitantes_concelho) VALUES(54, 3, 'Moura', 1000);
INSERT INTO concelho(num_concelho, num_regiao, nome_concelho, num_habitantes_concelho) VALUES(55, 3, 'Ourique', 1000);
INSERT INTO concelho(num_concelho, num_regiao, nome_concelho, num_habitantes_concelho) VALUES(56, 3, 'Serpa', 1000);
INSERT INTO concelho(num_concelho, num_regiao, nome_concelho, num_habitantes_concelho) VALUES(57, 3, 'Vidigueira', 1000);
INSERT INTO concelho(num_concelho, num_regiao, nome_concelho, num_habitantes_concelho) VALUES(0, 4, 'Albufeira', 1000);
INSERT INTO concelho(num_concelho, num_regiao, nome_concelho, num_habitantes_concelho) VALUES(1, 4, 'Alcoutim', 1000);
INSERT INTO concelho(num_concelho, num_regiao, nome_concelho, num_habitantes_concelho) VALUES(2, 4, 'Aljezur', 1000);
INSERT INTO concelho(num_concelho, num_regiao, nome_concelho, num_habitantes_concelho) VALUES(3, 4, 'Castro Marim', 1000);
INSERT INTO concelho(num_concelho, num_regiao, nome_concelho, num_habitantes_concelho) VALUES(4, 4, 'Faro', 1000);
INSERT INTO concelho(num_concelho, num_regiao, nome_concelho, num_habitantes_concelho) VALUES(5, 4, 'Lagoa', 1000);
INSERT INTO concelho(num_concelho, num_regiao, nome_concelho, num_habitantes_concelho) VALUES(6, 4, 'Lagos', 1000);
INSERT INTO concelho(num_concelho, num_regiao, nome_concelho, num_habitantes_concelho) VALUES(7, 4, 'Loule', 1000);
INSERT INTO concelho(num_concelho, num_regiao, nome_concelho, num_habitantes_concelho) VALUES(8, 4, 'Monchique', 1000);
INSERT INTO concelho(num_concelho, num_regiao, nome_concelho, num_habitantes_concelho) VALUES(9, 4, 'Olhao', 1000);
INSERT INTO concelho(num_concelho, num_regiao, nome_concelho, num_habitantes_concelho) VALUES(10, 4, 'Portimao', 1000);
INSERT INTO concelho(num_concelho, num_regiao, nome_concelho, num_habitantes_concelho) VALUES(11, 4, 'Sao Bras de Alportel', 1000);
INSERT INTO concelho(num_concelho, num_regiao, nome_concelho, num_habitantes_concelho) VALUES(12, 4, 'Silves', 1000);
INSERT INTO concelho(num_concelho, num_regiao, nome_concelho, num_habitantes_concelho) VALUES(13, 4, 'Tavira', 1000);
INSERT INTO concelho(num_concelho, num_regiao, nome_concelho, num_habitantes_concelho) VALUES(14, 4, 'Vila do Bispo', 1000);
INSERT INTO concelho(num_concelho, num_regiao, nome_concelho, num_habitantes_concelho) VALUES(15, 4, 'Vila Real de Santo Antonio', 1000);
INSERT INTO concelho(num_concelho, num_regiao, nome_concelho, num_habitantes_concelho) VALUES(0, 1, 'Agueda', 1000);
INSERT INTO concelho(num_concelho, num_regiao, nome_concelho, num_habitantes_concelho) VALUES(1, 1, 'Albergaria-a-Velha', 1000);
INSERT INTO concelho(num_concelho, num_regiao, nome_concelho, num_habitantes_concelho) VALUES(2, 1, 'Anadia', 1000);
INSERT INTO concelho(num_concelho, num_regiao, nome_concelho, num_habitantes_concelho) VALUES(3, 1, 'Aveiro', 1000);
INSERT INTO concelho(num_concelho, num_regiao, nome_concelho, num_habitantes_concelho) VALUES(4, 1, 'Estarreja', 1000);
INSERT INTO concelho(num_concelho, num_regiao, nome_concelho, num_habitantes_concelho) VALUES(5, 1, 'Ilhavo', 1000);
INSERT INTO concelho(num_concelho, num_regiao, nome_concelho, num_habitantes_concelho) VALUES(6, 1, 'Murtosa', 1000);
INSERT INTO concelho(num_concelho, num_regiao, nome_concelho, num_habitantes_concelho) VALUES(7, 1, 'Oliveira do Bairro', 1000);
INSERT INTO concelho(num_concelho, num_regiao, nome_concelho, num_habitantes_concelho) VALUES(8, 1, 'Ovar', 1000);
INSERT INTO concelho(num_concelho, num_regiao, nome_concelho, num_habitantes_concelho) VALUES(9, 1, 'Sever do Vouga', 1000);
INSERT INTO concelho(num_concelho, num_regiao, nome_concelho, num_habitantes_concelho) VALUES(10, 1, 'Vagos', 1000);
INSERT INTO concelho(num_concelho, num_regiao, nome_concelho, num_habitantes_concelho) VALUES(11, 1, 'Arganil', 1000);
INSERT INTO concelho(num_concelho, num_regiao, nome_concelho, num_habitantes_concelho) VALUES(12, 1, 'Cantanhede', 1000);
INSERT INTO concelho(num_concelho, num_regiao, nome_concelho, num_habitantes_concelho) VALUES(13, 1, 'Coimbra', 1000);
INSERT INTO concelho(num_concelho, num_regiao, nome_concelho, num_habitantes_concelho) VALUES(14, 1, 'Condeixa-a-Nova', 1000);
INSERT INTO concelho(num_concelho, num_regiao, nome_concelho, num_habitantes_concelho) VALUES(15, 1, 'Figueira da Foz', 1000);
INSERT INTO concelho(num_concelho, num_regiao, nome_concelho, num_habitantes_concelho) VALUES(16, 1, 'Gois', 1000);
INSERT INTO concelho(num_concelho, num_regiao, nome_concelho, num_habitantes_concelho) VALUES(17, 1, 'Lousa', 1000);
INSERT INTO concelho(num_concelho, num_regiao, nome_concelho, num_habitantes_concelho) VALUES(18, 1, 'Mealhada', 1000);
INSERT INTO concelho(num_concelho, num_regiao, nome_concelho, num_habitantes_concelho) VALUES(19, 1, 'Mira', 1000);
INSERT INTO concelho(num_concelho, num_regiao, nome_concelho, num_habitantes_concelho) VALUES(20, 1, 'Miranda do Corvo', 1000);
INSERT INTO concelho(num_concelho, num_regiao, nome_concelho, num_habitantes_concelho) VALUES(21, 1, 'Montemor-o-Velho', 1000);
INSERT INTO concelho(num_concelho, num_regiao, nome_concelho, num_habitantes_concelho) VALUES(22, 1, 'Mortagua', 1000);
INSERT INTO concelho(num_concelho, num_regiao, nome_concelho, num_habitantes_concelho) VALUES(23, 1, 'Oliveira do Hospital', 1000);
INSERT INTO concelho(num_concelho, num_regiao, nome_concelho, num_habitantes_concelho) VALUES(24, 1, 'Pampilhosa da Serra', 1000);
INSERT INTO concelho(num_concelho, num_regiao, nome_concelho, num_habitantes_concelho) VALUES(25, 1, 'Penacova', 1000);
INSERT INTO concelho(num_concelho, num_regiao, nome_concelho, num_habitantes_concelho) VALUES(26, 1, 'Penela', 1000);
INSERT INTO concelho(num_concelho, num_regiao, nome_concelho, num_habitantes_concelho) VALUES(27, 1, 'Soure', 1000);
INSERT INTO concelho(num_concelho, num_regiao, nome_concelho, num_habitantes_concelho) VALUES(28, 1, 'Tabua', 1000);
INSERT INTO concelho(num_concelho, num_regiao, nome_concelho, num_habitantes_concelho) VALUES(29, 1, 'Vila Nova de Poiares', 1000);
INSERT INTO concelho(num_concelho, num_regiao, nome_concelho, num_habitantes_concelho) VALUES(30, 1, 'Batalha', 1000);
INSERT INTO concelho(num_concelho, num_regiao, nome_concelho, num_habitantes_concelho) VALUES(31, 1, 'Leiria', 1000);
INSERT INTO concelho(num_concelho, num_regiao, nome_concelho, num_habitantes_concelho) VALUES(32, 1, 'Marinha Grande', 1000);
INSERT INTO concelho(num_concelho, num_regiao, nome_concelho, num_habitantes_concelho) VALUES(33, 1, 'Pombal', 1000);
INSERT INTO concelho(num_concelho, num_regiao, nome_concelho, num_habitantes_concelho) VALUES(34, 1, 'Porto de Mos', 1000);
INSERT INTO concelho(num_concelho, num_regiao, nome_concelho, num_habitantes_concelho) VALUES(35, 1, 'Alvaiazere', 1000);
INSERT INTO concelho(num_concelho, num_regiao, nome_concelho, num_habitantes_concelho) VALUES(36, 1, 'Ansiao', 1000);
INSERT INTO concelho(num_concelho, num_regiao, nome_concelho, num_habitantes_concelho) VALUES(37, 1, 'Castanheira de Pera', 1000);
INSERT INTO concelho(num_concelho, num_regiao, nome_concelho, num_habitantes_concelho) VALUES(38, 1, 'Figueiro dos Vinhos', 1000);
INSERT INTO concelho(num_concelho, num_regiao, nome_concelho, num_habitantes_concelho) VALUES(39, 1, 'Pedrogao Grande', 1000);
INSERT INTO concelho(num_concelho, num_regiao, nome_concelho, num_habitantes_concelho) VALUES(40, 1, 'Aguiar da Beira', 1000);
INSERT INTO concelho(num_concelho, num_regiao, nome_concelho, num_habitantes_concelho) VALUES(41, 1, 'Carregal do Sal', 1000);
INSERT INTO concelho(num_concelho, num_regiao, nome_concelho, num_habitantes_concelho) VALUES(42, 1, 'Castro Daire', 1000);
INSERT INTO concelho(num_concelho, num_regiao, nome_concelho, num_habitantes_concelho) VALUES(43, 1, 'Mangualde', 1000);
INSERT INTO concelho(num_concelho, num_regiao, nome_concelho, num_habitantes_concelho) VALUES(44, 1, 'Nelas', 1000);
INSERT INTO concelho(num_concelho, num_regiao, nome_concelho, num_habitantes_concelho) VALUES(45, 1, 'Oliveira de Frades', 1000);
INSERT INTO concelho(num_concelho, num_regiao, nome_concelho, num_habitantes_concelho) VALUES(46, 1, 'Penalva do Castelo', 1000);
INSERT INTO concelho(num_concelho, num_regiao, nome_concelho, num_habitantes_concelho) VALUES(47, 1, 'Santa Comba Dao', 1000);
INSERT INTO concelho(num_concelho, num_regiao, nome_concelho, num_habitantes_concelho) VALUES(48, 1, 'Sao Pedro do Sul', 1000);
INSERT INTO concelho(num_concelho, num_regiao, nome_concelho, num_habitantes_concelho) VALUES(49, 1, 'Satao', 1000);
INSERT INTO concelho(num_concelho, num_regiao, nome_concelho, num_habitantes_concelho) VALUES(50, 1, 'Tondela', 1000);
INSERT INTO concelho(num_concelho, num_regiao, nome_concelho, num_habitantes_concelho) VALUES(51, 1, 'Vila Nova de Paiva', 1000);
INSERT INTO concelho(num_concelho, num_regiao, nome_concelho, num_habitantes_concelho) VALUES(52, 1, 'Viseu', 1000);
INSERT INTO concelho(num_concelho, num_regiao, nome_concelho, num_habitantes_concelho) VALUES(53, 1, 'Vouzela', 1000);
INSERT INTO concelho(num_concelho, num_regiao, nome_concelho, num_habitantes_concelho) VALUES(54, 1, 'Almeida', 1000);
INSERT INTO concelho(num_concelho, num_regiao, nome_concelho, num_habitantes_concelho) VALUES(55, 1, 'Belmonte', 1000);
INSERT INTO concelho(num_concelho, num_regiao, nome_concelho, num_habitantes_concelho) VALUES(56, 1, 'Celorico da Beira', 1000);
INSERT INTO concelho(num_concelho, num_regiao, nome_concelho, num_habitantes_concelho) VALUES(57, 1, 'Covilha', 1000);
INSERT INTO concelho(num_concelho, num_regiao, nome_concelho, num_habitantes_concelho) VALUES(58, 1, 'Figueira de Castelo Rodrigo', 1000);
INSERT INTO concelho(num_concelho, num_regiao, nome_concelho, num_habitantes_concelho) VALUES(59, 1, 'Fornos de Algodres', 1000);
INSERT INTO concelho(num_concelho, num_regiao, nome_concelho, num_habitantes_concelho) VALUES(60, 1, 'Fundao', 1000);
INSERT INTO concelho(num_concelho, num_regiao, nome_concelho, num_habitantes_concelho) VALUES(61, 1, 'Gouveia', 1000);
INSERT INTO concelho(num_concelho, num_regiao, nome_concelho, num_habitantes_concelho) VALUES(62, 1, 'Guarda', 1000);
INSERT INTO concelho(num_concelho, num_regiao, nome_concelho, num_habitantes_concelho) VALUES(63, 1, 'Manteigas', 1000);
INSERT INTO concelho(num_concelho, num_regiao, nome_concelho, num_habitantes_concelho) VALUES(64, 1, 'Meda', 1000);
INSERT INTO concelho(num_concelho, num_regiao, nome_concelho, num_habitantes_concelho) VALUES(65, 1, 'Pinhel', 1000);
INSERT INTO concelho(num_concelho, num_regiao, nome_concelho, num_habitantes_concelho) VALUES(66, 1, 'Sabugal', 1000);
INSERT INTO concelho(num_concelho, num_regiao, nome_concelho, num_habitantes_concelho) VALUES(67, 1, 'Seia', 1000);
INSERT INTO concelho(num_concelho, num_regiao, nome_concelho, num_habitantes_concelho) VALUES(68, 1, 'Trancoso', 1000);
INSERT INTO concelho(num_concelho, num_regiao, nome_concelho, num_habitantes_concelho) VALUES(69, 1, 'Castelo Branco', 1000);
INSERT INTO concelho(num_concelho, num_regiao, nome_concelho, num_habitantes_concelho) VALUES(70, 1, 'Idanha-a-Nova', 1000);
INSERT INTO concelho(num_concelho, num_regiao, nome_concelho, num_habitantes_concelho) VALUES(71, 1, 'Oleiros', 1000);
INSERT INTO concelho(num_concelho, num_regiao, nome_concelho, num_habitantes_concelho) VALUES(72, 1, 'Penamacor', 1000);
INSERT INTO concelho(num_concelho, num_regiao, nome_concelho, num_habitantes_concelho) VALUES(73, 1, 'Proenca-a-Nova', 1000);
INSERT INTO concelho(num_concelho, num_regiao, nome_concelho, num_habitantes_concelho) VALUES(74, 1, 'Vila Velha de Rodao', 1000);
INSERT INTO concelho(num_concelho, num_regiao, nome_concelho, num_habitantes_concelho) VALUES(75, 1, 'Alcobaca', 1000);
INSERT INTO concelho(num_concelho, num_regiao, nome_concelho, num_habitantes_concelho) VALUES(76, 1, 'Alenquer', 1000);
INSERT INTO concelho(num_concelho, num_regiao, nome_concelho, num_habitantes_concelho) VALUES(77, 1, 'Arruda dos Vinhos', 1000);
INSERT INTO concelho(num_concelho, num_regiao, nome_concelho, num_habitantes_concelho) VALUES(78, 1, 'Bombarral', 1000);
INSERT INTO concelho(num_concelho, num_regiao, nome_concelho, num_habitantes_concelho) VALUES(79, 1, 'Cadaval', 1000);
INSERT INTO concelho(num_concelho, num_regiao, nome_concelho, num_habitantes_concelho) VALUES(80, 1, 'Caldas da Rainha', 1000);
INSERT INTO concelho(num_concelho, num_regiao, nome_concelho, num_habitantes_concelho) VALUES(81, 1, 'Lourinha', 1000);
INSERT INTO concelho(num_concelho, num_regiao, nome_concelho, num_habitantes_concelho) VALUES(82, 1, 'Nazare', 1000);
INSERT INTO concelho(num_concelho, num_regiao, nome_concelho, num_habitantes_concelho) VALUES(83, 1, 'Obidos', 1000);
INSERT INTO concelho(num_concelho, num_regiao, nome_concelho, num_habitantes_concelho) VALUES(84, 1, 'Peniche', 1000);
INSERT INTO concelho(num_concelho, num_regiao, nome_concelho, num_habitantes_concelho) VALUES(85, 1, 'Sobral de Monte Agraco', 1000);
INSERT INTO concelho(num_concelho, num_regiao, nome_concelho, num_habitantes_concelho) VALUES(86, 1, 'Torres Vedras', 1000);
INSERT INTO concelho(num_concelho, num_regiao, nome_concelho, num_habitantes_concelho) VALUES(87, 1, 'Abrantes', 1000);
INSERT INTO concelho(num_concelho, num_regiao, nome_concelho, num_habitantes_concelho) VALUES(88, 1, 'Alcanena', 1000);
INSERT INTO concelho(num_concelho, num_regiao, nome_concelho, num_habitantes_concelho) VALUES(89, 1, 'Constancia', 1000);
INSERT INTO concelho(num_concelho, num_regiao, nome_concelho, num_habitantes_concelho) VALUES(90, 1, 'Entroncamento', 1000);
INSERT INTO concelho(num_concelho, num_regiao, nome_concelho, num_habitantes_concelho) VALUES(91, 1, 'Ferreira do Zezere', 1000);
INSERT INTO concelho(num_concelho, num_regiao, nome_concelho, num_habitantes_concelho) VALUES(92, 1, 'Macao', 1000);
INSERT INTO concelho(num_concelho, num_regiao, nome_concelho, num_habitantes_concelho) VALUES(93, 1, 'Ourem', 1000);
INSERT INTO concelho(num_concelho, num_regiao, nome_concelho, num_habitantes_concelho) VALUES(94, 1, 'Sardoal', 1000);
INSERT INTO concelho(num_concelho, num_regiao, nome_concelho, num_habitantes_concelho) VALUES(95, 1, 'Serta', 1000);
INSERT INTO concelho(num_concelho, num_regiao, nome_concelho, num_habitantes_concelho) VALUES(96, 1, 'Tomar', 1000);
INSERT INTO concelho(num_concelho, num_regiao, nome_concelho, num_habitantes_concelho) VALUES(97, 1, 'Torres Novas', 1000);
INSERT INTO concelho(num_concelho, num_regiao, nome_concelho, num_habitantes_concelho) VALUES(98, 1, 'Vila de Rei', 1000);
INSERT INTO concelho(num_concelho, num_regiao, nome_concelho, num_habitantes_concelho) VALUES(99, 1, 'Vila Nova da Barquinha', 1000);
INSERT INTO concelho(num_concelho, num_regiao, nome_concelho, num_habitantes_concelho) VALUES(0, 2, 'Alcochete', 1000);
INSERT INTO concelho(num_concelho, num_regiao, nome_concelho, num_habitantes_concelho) VALUES(1, 2, 'Almada', 1000);
INSERT INTO concelho(num_concelho, num_regiao, nome_concelho, num_habitantes_concelho) VALUES(2, 2, 'Amadora', 1000);
INSERT INTO concelho(num_concelho, num_regiao, nome_concelho, num_habitantes_concelho) VALUES(3, 2, 'Barreiro', 1000);
INSERT INTO concelho(num_concelho, num_regiao, nome_concelho, num_habitantes_concelho) VALUES(4, 2, 'Cascais', 1000);
INSERT INTO concelho(num_concelho, num_regiao, nome_concelho, num_habitantes_concelho) VALUES(5, 2, 'Lisboa', 1000);
INSERT INTO concelho(num_concelho, num_regiao, nome_concelho, num_habitantes_concelho) VALUES(6, 2, 'Loures', 1000);
INSERT INTO concelho(num_concelho, num_regiao, nome_concelho, num_habitantes_concelho) VALUES(7, 2, 'Mafra', 1000);
INSERT INTO concelho(num_concelho, num_regiao, nome_concelho, num_habitantes_concelho) VALUES(8, 2, 'Moita', 1000);
INSERT INTO concelho(num_concelho, num_regiao, nome_concelho, num_habitantes_concelho) VALUES(9, 2, 'Montijo', 1000);
INSERT INTO concelho(num_concelho, num_regiao, nome_concelho, num_habitantes_concelho) VALUES(10, 2, 'Odivelas', 1000);
INSERT INTO concelho(num_concelho, num_regiao, nome_concelho, num_habitantes_concelho) VALUES(11, 2, 'Oeiras', 1000);
INSERT INTO concelho(num_concelho, num_regiao, nome_concelho, num_habitantes_concelho) VALUES(12, 2, 'Palmela', 1000);
INSERT INTO concelho(num_concelho, num_regiao, nome_concelho, num_habitantes_concelho) VALUES(13, 2, 'Seixal', 1000);
INSERT INTO concelho(num_concelho, num_regiao, nome_concelho, num_habitantes_concelho) VALUES(14, 2, 'Sesimbra', 1000);
INSERT INTO concelho(num_concelho, num_regiao, nome_concelho, num_habitantes_concelho) VALUES(15, 2, 'Setubal', 1000);
INSERT INTO concelho(num_concelho, num_regiao, nome_concelho, num_habitantes_concelho) VALUES(16, 2, 'Sintra', 1000);
INSERT INTO concelho(num_concelho, num_regiao, nome_concelho, num_habitantes_concelho) VALUES(17, 2, 'Vila Franca de Xira', 1000);


--Instituições--


INSERT INTO instituicao(nome, tipo, num_regiao, num_concelho) VALUES('farmacia_dos_remedios','farmacia',0,24);
INSERT INTO instituicao(nome, tipo, num_regiao, num_concelho) VALUES('farmacia_24horas','farmacia',0,24);
INSERT INTO instituicao(nome, tipo, num_regiao, num_concelho) VALUES('Hospital_Central_de_Arouca','hospital',0,24);
INSERT INTO instituicao(nome, tipo, num_regiao, num_concelho) VALUES('Hospital_do_Porto','hospital',0,31);
INSERT INTO instituicao(nome, tipo, num_regiao, num_concelho) VALUES('Hospital_de_Abrantes','hospital',1,87);
INSERT INTO instituicao(nome, tipo, num_regiao, num_concelho) VALUES('Laboratorio_de_armas_biologicas','laboratorio',1,57);
INSERT INTO instituicao(nome, tipo, num_regiao, num_concelho) VALUES('farmacia_drive_thru','farmacia',1,97);
INSERT INTO instituicao(nome, tipo, num_regiao, num_concelho) VALUES('Hospital_de_vila_franca','hospital',2,17);
INSERT INTO instituicao(nome, tipo, num_regiao, num_concelho) VALUES('farmacia_central_de_sintra','farmacia',2,16);
INSERT INTO instituicao(nome, tipo, num_regiao, num_concelho) VALUES('laboratorio_do_seixal','laboratorio',2,13);
INSERT INTO instituicao(nome, tipo, num_regiao, num_concelho) VALUES('Hospital_de_vendas_novas','hospital',3,42);
INSERT INTO instituicao(nome, tipo, num_regiao, num_concelho) VALUES('farmacia_da_vila','farmacia',3,40);
INSERT INTO instituicao(nome, tipo, num_regiao, num_concelho) VALUES('Hospital_do_algarve','hospital',4,4);
INSERT INTO instituicao(nome, tipo, num_regiao, num_concelho) VALUES('laboratorio_cruz_vermelha','laboratorio',1,4);
INSERT INTO instituicao(nome, tipo, num_regiao, num_concelho) VALUES('farmacia_central','farmacia',3,4);


--Médicos--


INSERT INTO medico(num_cedula, nome, especialidade) VALUES( 0, 'Silva', 'pediatria');
INSERT INTO medico(num_cedula, nome, especialidade) VALUES( 1, 'Santos', 'cardiologia');
INSERT INTO medico(num_cedula, nome, especialidade) VALUES( 2, 'Ferreira', 'ortopedia');
INSERT INTO medico(num_cedula, nome, especialidade) VALUES( 3, 'Pereira', 'anestesiologia');
INSERT INTO medico(num_cedula, nome, especialidade) VALUES( 4, 'Oliveira', 'dermatologia');
INSERT INTO medico(num_cedula, nome, especialidade) VALUES( 5, 'Costa', 'neurologia');
INSERT INTO medico(num_cedula, nome, especialidade) VALUES( 6, 'Rodrigues', 'oftalmologia');
INSERT INTO medico(num_cedula, nome, especialidade) VALUES( 7, 'Martins', 'urologia');
INSERT INTO medico(num_cedula, nome, especialidade) VALUES( 8, 'Jesus', 'psiquiatria');
INSERT INTO medico(num_cedula, nome, especialidade) VALUES( 9, 'Sousa', 'radiologia');
INSERT INTO medico(num_cedula, nome, especialidade) VALUES( 10, 'Fernandes', 'pediatria');
INSERT INTO medico(num_cedula, nome, especialidade) VALUES( 11, 'Goncalves', 'cardiologia');
INSERT INTO medico(num_cedula, nome, especialidade) VALUES( 12, 'Gomes', 'ortopedia');


--Consultas--


INSERT INTO consulta(num_cedula, num_doente, data, nome_instituicao) VALUES(0,0,'17/06/2019','Hospital_Central_de_Arouca');
INSERT INTO consulta(num_cedula, num_doente, data, nome_instituicao) VALUES(6,23,'06/03/2019','Hospital_Central_de_Arouca');
INSERT INTO consulta(num_cedula, num_doente, data, nome_instituicao) VALUES(1,3,'13/02/2019','Hospital_do_algarve');
INSERT INTO consulta(num_cedula, num_doente, data, nome_instituicao) VALUES(2,1,'17/01/2019','Hospital_do_Porto');
INSERT INTO consulta(num_cedula, num_doente, data, nome_instituicao) VALUES(0,2,'01/04/2019','Hospital_Central_de_Arouca');
INSERT INTO consulta(num_cedula, num_doente, data, nome_instituicao) VALUES(12,5,'02/01/2019','Hospital_de_vila_franca');
INSERT INTO consulta(num_cedula, num_doente, data, nome_instituicao) VALUES(10,4,'28/06/2019','Hospital_de_Abrantes');
INSERT INTO consulta(num_cedula, num_doente, data, nome_instituicao) VALUES(11,7,'02/07/2019','Hospital_de_Abrantes');
INSERT INTO consulta(num_cedula, num_doente, data, nome_instituicao) VALUES(3,6,'03/06/2019','Hospital_de_vendas_novas');
INSERT INTO consulta(num_cedula, num_doente, data, nome_instituicao) VALUES(0,0,'16/11/2020','Hospital_Central_de_Arouca');
INSERT INTO consulta(num_cedula, num_doente, data, nome_instituicao) VALUES(6,23,'06/07/2020','Hospital_Central_de_Arouca');
INSERT INTO consulta(num_cedula, num_doente, data, nome_instituicao) VALUES(1,3,'13/11/2020','Hospital_do_algarve');
INSERT INTO consulta(num_cedula, num_doente, data, nome_instituicao) VALUES(2,1,'17/11/2020','Hospital_do_Porto');
INSERT INTO consulta(num_cedula, num_doente, data, nome_instituicao) VALUES(0,2,'09/11/2020','Hospital_Central_de_Arouca');
INSERT INTO consulta(num_cedula, num_doente, data, nome_instituicao) VALUES(12,5,'02/11/2020','Hospital_de_vila_franca');
INSERT INTO consulta(num_cedula, num_doente, data, nome_instituicao) VALUES(12,1,'09/11/2020','laboratorio_do_seixal');
INSERT INTO consulta(num_cedula, num_doente, data, nome_instituicao) VALUES(5,8,'01/12/2020','Hospital_do_Porto');
INSERT INTO consulta(num_cedula, num_doente, data, nome_instituicao) VALUES(9,9,'02/01/2017','Hospital_Central_de_Arouca');
INSERT INTO consulta(num_cedula, num_doente, data, nome_instituicao) VALUES(11,11,'02/02/2017','Hospital_do_Porto');
INSERT INTO consulta(num_cedula, num_doente, data, nome_instituicao) VALUES(12,12,'03/04/2017','Hospital_Central_de_Arouca');
INSERT INTO consulta(num_cedula, num_doente, data, nome_instituicao) VALUES(1,1,'02/06/2017','Hospital_do_Porto');
INSERT INTO consulta(num_cedula, num_doente, data, nome_instituicao) VALUES(3,3,'02/08/2017','Hospital_de_vila_franca');

--Prescricoes--


INSERT INTO prescricao(num_cedula, num_doente, data, substancia, quant) VALUES(0,0,'17/06/2019','rebucados_placebo',2);
INSERT INTO prescricao(num_cedula, num_doente, data, substancia, quant) VALUES(1,3,'13/02/2019','anti-estaminicos',23);
INSERT INTO prescricao(num_cedula, num_doente, data, substancia, quant) VALUES(12,5,'02/01/2019','palmilhas_ortopedicas',2);
INSERT INTO prescricao(num_cedula, num_doente, data, substancia, quant) VALUES(6,23,'06/03/2019','oculos',1);
INSERT INTO prescricao(num_cedula, num_doente, data, substancia, quant) VALUES(10,4,'28/06/2019','cafeina',1);
INSERT INTO prescricao(num_cedula, num_doente, data, substancia, quant) VALUES(3,6,'03/06/2019','morfina',1);
INSERT INTO prescricao(num_cedula, num_doente, data, substancia, quant) VALUES(11,7,'02/07/2019','cafeina',1);
INSERT INTO prescricao(num_cedula, num_doente, data, substancia, quant) VALUES(0,0,'16/11/2020','aspirina',23.1);
INSERT INTO prescricao(num_cedula, num_doente, data, substancia, quant) VALUES(6,23,'06/07/2020','aspirina',14.1);
INSERT INTO prescricao(num_cedula, num_doente, data, substancia, quant) VALUES(0,2,'09/11/2020','brufen',10.5);
INSERT INTO prescricao(num_cedula, num_doente, data, substancia, quant) VALUES(12,5,'02/11/2020','benuron',42.2);
INSERT INTO prescricao(num_cedula, num_doente, data, substancia, quant) VALUES(5,8,'01/12/2020','vitaminas',10);



--Analises--


INSERT INTO analise(num_analise, especialidade, num_cedula, num_doente, data, data_registo, nome, quant, inst) VALUES(0,'pediatria',0,0,'16/11/2020','16/11/2020','analise_pediatrica',20.3,'laboratorio_do_seixal');
INSERT INTO analise(num_analise, especialidade, num_cedula, num_doente, data, data_registo, nome, quant, inst) VALUES(1,'oftalmologia',6,23,'06/07/2020','06/07/2020','exame_a_vista',2.1,'laboratorio_cruz_vermelha');
INSERT INTO analise(num_analise, especialidade, num_cedula, num_doente, data, data_registo, nome, quant, inst) VALUES(2,'ortopedia',12,1,'09/11/2020','10/11/2020','exame_ortopedico',1,'laboratorio_do_seixal');
INSERT INTO analise(num_analise, especialidade, num_cedula, num_doente, data, data_registo, nome, quant, inst) VALUES(3,'neurologia',5,8,'01/12/2020','02/12/2020','exame_neurologico',1,'Hospital_do_Porto');
INSERT INTO analise(num_analise, especialidade, num_cedula, num_doente, data, data_registo, nome, quant, inst) VALUES(4,'consulta_especial',NULL,NULL,NULL,'29/11/2020','exame_especial',1,'Hospital_do_Porto');
INSERT INTO analise(num_analise, especialidade, num_cedula, num_doente, data, data_registo, nome, quant, inst) VALUES(5,'not_anestesiologia',3,6,'03/06/2019','03/06/2019','analise_not_working',1,'Hospital_de_vendas_novas');
INSERT INTO analise(num_analise, especialidade, num_cedula, num_doente, data, data_registo, nome, quant, inst) VALUES(6,'radiologia',9,9,'02/01/2017','02/01/2017','analise_de_glicemia',90,'Hospital_Central_de_Arouca');
INSERT INTO analise(num_analise, especialidade, num_cedula, num_doente, data, data_registo, nome, quant, inst) VALUES(7,'cardiologia',11,11,'02/02/2017','02/02/2017','analise_de_glicemia',6,'Hospital_do_Porto');
INSERT INTO analise(num_analise, especialidade, num_cedula, num_doente, data, data_registo, nome, quant, inst) VALUES(8,'ortopedia',12,12,'03/04/2017','03/04/2017','analise_de_glicemia',40,'Hospital_Central_de_Arouca');
INSERT INTO analise(num_analise, especialidade, num_cedula, num_doente, data, data_registo, nome, quant, inst) VALUES(9,'cardiologia',1,1,'02/06/2017','02/06/2017','analise_de_glicemia',4,'Hospital_do_Porto');
INSERT INTO analise(num_analise, especialidade, num_cedula, num_doente, data, data_registo, nome, quant, inst) VALUES(10,'anestesiologia',3,3,'02/08/2017','02/08/2017','analise_de_glicemia',20,'Hospital_de_vila_franca');
--Vendas_farmacias--


INSERT INTO venda_farmacia(num_venda, data_registo, substancia, quant, preco, inst) VALUES(0,'16/11/2020','Tantum_Verde',10.0,5.75,'farmacia_central');
INSERT INTO venda_farmacia(num_venda, data_registo, substancia, quant, preco, inst) VALUES(1,'16/11/2020','Tantum_Verde',10.0,5.75,'farmacia_central');
INSERT INTO venda_farmacia(num_venda, data_registo, substancia, quant, preco, inst) VALUES(2,'16/11/2020','Tantum_Verde',10.0,5.75,'farmacia_central');
INSERT INTO venda_farmacia(num_venda, data_registo, substancia, quant, preco, inst) VALUES(3,'17/11/2020','Tantum_Verde',9.0,4.75,'farmacia_24horas');
INSERT INTO venda_farmacia(num_venda, data_registo, substancia, quant, preco, inst) VALUES(4,'07/10/2020','Brufen',3.0,5.75,'Hospital_do_algarve');
INSERT INTO venda_farmacia(num_venda, data_registo, substancia, quant, preco, inst) VALUES(5,'16/11/2020','aspirina',23.1,6.99,'farmacia_central');
INSERT INTO venda_farmacia(num_venda, data_registo, substancia, quant, preco, inst) VALUES(6,'20/11/2020','aspirina',24.0,7.95,'farmacia_central');
INSERT INTO venda_farmacia(num_venda, data_registo, substancia, quant, preco, inst) VALUES(7,'21/11/2020','Escova_de_dentes',1.0,1.95,'farmacia_dos_remedios');
INSERT INTO venda_farmacia(num_venda, data_registo, substancia, quant, preco, inst) VALUES(8,'22/11/2020','Preservativos',12.0,8.99,'farmacia_central_de_sintra');
INSERT INTO venda_farmacia(num_venda, data_registo, substancia, quant, preco, inst) VALUES(9,'23/11/2020','Escova_de_dentes',1.0,1.95,'farmacia_dos_remedios');
INSERT INTO venda_farmacia(num_venda, data_registo, substancia, quant, preco, inst) VALUES(10,'24/11/2020','Preservativos',12.0,8.99,'farmacia_central_de_sintra');
INSERT INTO venda_farmacia(num_venda, data_registo, substancia, quant, preco, inst) VALUES(11,'25/11/2020','Gaviscon',1.0,5.99,'farmacia_da_vila');
INSERT INTO venda_farmacia(num_venda, data_registo, substancia, quant, preco, inst) VALUES(12,'26/11/2020','Reni',2.0,5.99,'farmacia_24horas');
INSERT INTO venda_farmacia(num_venda, data_registo, substancia, quant, preco, inst) VALUES(13,'27/11/2020','aspirina',3.0,1.99,'farmacia_da_vila');
INSERT INTO venda_farmacia(num_venda, data_registo, substancia, quant, preco, inst) VALUES(14,'28/11/2020','Laxantes',8.0,5.99,'farmacia_da_vila');
INSERT INTO venda_farmacia(num_venda, data_registo, substancia, quant, preco, inst) VALUES(15,'29/11/2020','analgesico',7.0,14.99,'farmacia_drive_thru');
INSERT INTO venda_farmacia(num_venda, data_registo, substancia, quant, preco, inst) VALUES(16,'30/11/2020','aspirina',1.0,3.99,'farmacia_central');
INSERT INTO venda_farmacia(num_venda, data_registo, substancia, quant, preco, inst) VALUES(17,'01/12/2020','Laxantes',4.0,5.99,'farmacia_da_vila');
INSERT INTO venda_farmacia(num_venda, data_registo, substancia, quant, preco, inst) VALUES(18,'02/12/2020','Preservativos',10.0,7.99,'farmacia_da_vila');
INSERT INTO venda_farmacia(num_venda, data_registo, substancia, quant, preco, inst) VALUES(19,'03/12/2020','aspirina',1.0,5.99,'farmacia_central_de_sintra');
INSERT INTO venda_farmacia(num_venda, data_registo, substancia, quant, preco, inst) VALUES(20,'04/12/2020','Gaviscon',1.0,11.99,'farmacia_da_vila');
INSERT INTO venda_farmacia(num_venda, data_registo, substancia, quant, preco, inst) VALUES(21,'05/12/2020','analgesico',12.0,5.99,'farmacia_drive_thru');
INSERT INTO venda_farmacia(num_venda, data_registo, substancia, quant, preco, inst) VALUES(22,'06/12/2020','Gaviscon',1.0,5.99,'farmacia_central_de_sintra');
INSERT INTO venda_farmacia(num_venda, data_registo, substancia, quant, preco, inst) VALUES(23,'07/12/2020','Reni',1.0,5.99,'farmacia_central_de_sintra');
INSERT INTO venda_farmacia(num_venda, data_registo, substancia, quant, preco, inst) VALUES(24,'08/12/2020','Gaviscon',1.0,5.99,'farmacia_central_de_sintra');
INSERT INTO venda_farmacia(num_venda, data_registo, substancia, quant, preco, inst) VALUES(25,'09/12/2020','Gaviscon',1.0,5.99,'farmacia_central_de_sintra');
INSERT INTO venda_farmacia(num_venda, data_registo, substancia, quant, preco, inst) VALUES(26,'10/12/2020','Preservativos',1.0,5.99,'farmacia_central');
INSERT INTO venda_farmacia(num_venda, data_registo, substancia, quant, preco, inst) VALUES(27,'11/12/2020','Reni',3.0,11.99,'farmacia_central_de_sintra');
INSERT INTO venda_farmacia(num_venda, data_registo, substancia, quant, preco, inst) VALUES(28,'12/12/2020','Gaviscon',1.0,5.99,'farmacia_central_de_sintra');
INSERT INTO venda_farmacia(num_venda, data_registo, substancia, quant, preco, inst) VALUES(29,'13/12/2020','Escova_de_dentes',3.0,1.99,'farmacia_24horas');
INSERT INTO venda_farmacia(num_venda, data_registo, substancia, quant, preco, inst) VALUES(30,'14/12/2020','Reni',3.0,10.99,'farmacia_central_de_sintra');


--Prescricoes_vendas--


INSERT INTO prescricao_venda(num_cedula, num_doente, data, substancia, num_venda) VALUES(0,0,'16/11/2020','aspirina',5);
INSERT INTO prescricao_venda(num_cedula, num_doente, data, substancia, num_venda) VALUES(6,23,'06/07/2020','aspirina',6);


